# {"commit": "7298f5c", "cuvs": "26.08.01", "dirty": "yes", "driver": "595.71.05", "gpu": "NVIDIA GeForce RTX 5090", "host_cores": "208", "nvcc": "Build cuda_13.0.r13.0/compiler.36424714_0", "utc": "2026-09-01T21:32:45Z"}
method,variant,dataset,d,N,params,env,n_runs,recall,recall_spread,qps_mean,qps_std,qps_rel_std_pct,vram_mib,train_ms,add_ms,status,failures
cuVS-CAGRA-int8,896B,vogue-768,768,932328,"{""bytes_per_vec"": 896, ""graph_degree"": 32, ""itopk_size"": 32, ""k"": 10, ""search_width"": 1}",{},5,0.8377,0.00000,988171,215846,21.84,942,5587,,ok,
cuVS-CAGRA-int8,896B,vogue-768,768,932328,"{""bytes_per_vec"": 896, ""graph_degree"": 32, ""itopk_size"": 32, ""k"": 10, ""search_width"": 2}",{},5,0.8386,0.00000,1094364,38713,3.54,112,4955,,ok,
cuVS-CAGRA-int8,896B,vogue-768,768,932328,"{""bytes_per_vec"": 896, ""graph_degree"": 32, ""itopk_size"": 32, ""k"": 10, ""search_width"": 4}",{},5,0.8541,0.00000,972470,30961,3.18,112,5780,,ok,
cuVS-CAGRA-int8,896B,vogue-768,768,932328,"{""bytes_per_vec"": 896, ""graph_degree"": 32, ""itopk_size"": 64, ""k"": 10, ""search_width"": 1}",{},5,0.9023,0.00000,543449,24762,4.56,112,5431,,ok,
cuVS-CAGRA-int8,896B,vogue-768,768,932328,"{""bytes_per_vec"": 896, ""graph_degree"": 32, ""itopk_size"": 64, ""k"": 10, ""search_width"": 2}",{},5,0.9050,0.00000,694040,14969,2.16,112,5993,,ok,
cuVS-CAGRA-int8,896B,vogue-768,768,932328,"{""bytes_per_vec"": 896, ""graph_degree"": 32, ""itopk_size"": 64, ""k"": 10, ""search_width"": 4}",{},5,0.9098,0.00000,709264,17047,2.40,112,5637,,ok,
cuVS-CAGRA-int8,896B,vogue-768,768,932328,"{""bytes_per_vec"": 896, ""graph_degree"": 32, ""itopk_size"": 128, ""k"": 10, ""search_width"": 1}",{},5,0.9295,0.00000,335656,18488,5.51,112,5493,,ok,
cuVS-CAGRA-int8,896B,vogue-768,768,932328,"{""bytes_per_vec"": 896, ""graph_degree"": 32, ""itopk_size"": 128, ""k"": 10, ""search_width"": 2}",{},5,0.9309,0.00000,412582,5439,1.32,112,5641,,ok,
cuVS-CAGRA-int8,896B,vogue-768,768,932328,"{""bytes_per_vec"": 896, ""graph_degree"": 32, ""itopk_size"": 128, ""k"": 10, ""search_width"": 4}",{},5,0.9331,0.00000,423755,13393,3.16,112,5471,,ok,
cuVS-CAGRA-int8,896B,vogue-768,768,932328,"{""bytes_per_vec"": 896, ""graph_degree"": 32, ""itopk_size"": 256, ""k"": 10, ""search_width"": 1}",{},5,0.9398,0.00000,188507,2207,1.17,112,5391,,ok,
cuVS-CAGRA-int8,896B,vogue-768,768,932328,"{""bytes_per_vec"": 896, ""graph_degree"": 32, ""itopk_size"": 256, ""k"": 10, ""search_width"": 2}",{},5,0.9408,0.00000,221469,4288,1.94,112,6307,,ok,
cuVS-CAGRA-int8,896B,vogue-768,768,932328,"{""bytes_per_vec"": 896, ""graph_degree"": 32, ""itopk_size"": 256, ""k"": 10, ""search_width"": 4}",{},5,0.9386,0.00000,247010,5896,2.39,112,6037,,ok,
cuVS-CAGRA-int8,896B,vogue-768,768,932328,"{""bytes_per_vec"": 896, ""graph_degree"": 32, ""itopk_size"": 512, ""k"": 10, ""search_width"": 1}",{},5,0.9441,0.00000,72815,1487,2.04,112,5355,,ok,
cuVS-CAGRA-int8,896B,vogue-768,768,932328,"{""bytes_per_vec"": 896, ""graph_degree"": 32, ""itopk_size"": 512, ""k"": 10, ""search_width"": 2}",{},5,0.9440,0.00000,91678,762,0.83,112,5549,,ok,
cuVS-CAGRA-int8,896B,vogue-768,768,932328,"{""bytes_per_vec"": 896, ""graph_degree"": 32, ""itopk_size"": 512, ""k"": 10, ""search_width"": 4}",{},5,0.9441,0.00000,105093,2685,2.55,112,5612,,ok,
cuVS-CAGRA-int8,1024B,vogue-768,768,932328,"{""bytes_per_vec"": 1024, ""graph_degree"": 64, ""itopk_size"": 32, ""k"": 10, ""search_width"": 1}",{},5,0.9056,0.00000,765326,19873,2.60,226,9669,,ok,
cuVS-CAGRA-int8,1024B,vogue-768,768,932328,"{""bytes_per_vec"": 1024, ""graph_degree"": 64, ""itopk_size"": 32, ""k"": 10, ""search_width"": 2}",{},5,0.9037,0.00000,727412,15542,2.14,226,8822,,ok,
cuVS-CAGRA-int8,1024B,vogue-768,768,932328,"{""bytes_per_vec"": 1024, ""graph_degree"": 64, ""itopk_size"": 32, ""k"": 10, ""search_width"": 4}",{},5,0.9082,0.00000,647657,14616,2.26,226,9002,,ok,
cuVS-CAGRA-int8,1024B,vogue-768,768,932328,"{""bytes_per_vec"": 1024, ""graph_degree"": 64, ""itopk_size"": 64, ""k"": 10, ""search_width"": 1}",{},5,0.9329,0.00000,449484,6204,1.38,226,8900,,ok,
cuVS-CAGRA-int8,1024B,vogue-768,768,932328,"{""bytes_per_vec"": 1024, ""graph_degree"": 64, ""itopk_size"": 64, ""k"": 10, ""search_width"": 2}",{},5,0.9309,0.00000,464608,7613,1.64,226,9307,,ok,
cuVS-CAGRA-int8,1024B,vogue-768,768,932328,"{""bytes_per_vec"": 1024, ""graph_degree"": 64, ""itopk_size"": 64, ""k"": 10, ""search_width"": 4}",{},5,0.9294,0.00000,432255,6357,1.47,226,9153,,ok,
cuVS-CAGRA-int8,1024B,vogue-768,768,932328,"{""bytes_per_vec"": 1024, ""graph_degree"": 64, ""itopk_size"": 128, ""k"": 10, ""search_width"": 1}",{},5,0.9408,0.00000,229968,2637,1.15,226,9254,,ok,
cuVS-CAGRA-int8,1024B,vogue-768,768,932328,"{""bytes_per_vec"": 1024, ""graph_degree"": 64, ""itopk_size"": 128, ""k"": 10, ""search_width"": 2}",{},5,0.9395,0.00000,246439,2030,0.82,226,9488,,ok,
cuVS-CAGRA-int8,1024B,vogue-768,768,932328,"{""bytes_per_vec"": 1024, ""graph_degree"": 64, ""itopk_size"": 128, ""k"": 10, ""search_width"": 4}",{},5,0.9395,0.00000,261626,2223,0.85,226,9184,,ok,
cuVS-CAGRA-int8,1024B,vogue-768,768,932328,"{""bytes_per_vec"": 1024, ""graph_degree"": 64, ""itopk_size"": 256, ""k"": 10, ""search_width"": 1}",{},5,0.9438,0.00000,121473,463,0.38,226,9341,,ok,
cuVS-CAGRA-int8,1024B,vogue-768,768,932328,"{""bytes_per_vec"": 1024, ""graph_degree"": 64, ""itopk_size"": 256, ""k"": 10, ""search_width"": 2}",{},5,0.9442,0.00000,134284,958,0.71,226,9328,,ok,
cuVS-CAGRA-int8,1024B,vogue-768,768,932328,"{""bytes_per_vec"": 1024, ""graph_degree"": 64, ""itopk_size"": 256, ""k"": 10, ""search_width"": 4}",{},5,0.9442,0.00000,138829,800,0.58,226,8912,,ok,
cuVS-CAGRA-int8,1024B,vogue-768,768,932328,"{""bytes_per_vec"": 1024, ""graph_degree"": 64, ""itopk_size"": 512, ""k"": 10, ""search_width"": 1}",{},5,0.9449,0.00000,47224,704,1.49,226,9279,,ok,
cuVS-CAGRA-int8,1024B,vogue-768,768,932328,"{""bytes_per_vec"": 1024, ""graph_degree"": 64, ""itopk_size"": 512, ""k"": 10, ""search_width"": 2}",{},5,0.9449,0.00000,57922,999,1.73,226,9477,,ok,
cuVS-CAGRA-int8,1024B,vogue-768,768,932328,"{""bytes_per_vec"": 1024, ""graph_degree"": 64, ""itopk_size"": 512, ""k"": 10, ""search_width"": 4}",{},5,0.9448,0.00000,63916,698,1.09,226,8980,,ok,
