# {"commit": "7298f5c", "cuvs": "26.08.01", "dirty": "yes", "driver": "595.71.05", "gpu": "NVIDIA GeForce RTX 5090", "host_cores": "208", "nvcc": "Build cuda_13.0.r13.0/compiler.36424714_0", "utc": "2026-09-01T21:25:17Z"}
method,variant,dataset,d,N,params,env,n_runs,recall,recall_spread,qps_mean,qps_std,qps_rel_std_pct,vram_mib,train_ms,add_ms,status,failures
cuVS-IVFPQ,96B,vogue-768,768,932328,"{""bytes_per_vec"": 96, ""k"": 10, ""n_lists"": 1024, ""n_probes"": 1, ""pq_bits"": 8, ""pq_dim"": 96}",{},5,0.2717,0.00000,803426,53296,6.63,3014,1419,,ok,
cuVS-IVFPQ,96B,vogue-768,768,932328,"{""bytes_per_vec"": 96, ""k"": 10, ""n_lists"": 1024, ""n_probes"": 4, ""pq_bits"": 8, ""pq_dim"": 96}",{},5,0.4981,0.00000,575063,10437,1.81,2874,1157,,ok,
cuVS-IVFPQ,96B,vogue-768,768,932328,"{""bytes_per_vec"": 96, ""k"": 10, ""n_lists"": 1024, ""n_probes"": 8, ""pq_bits"": 8, ""pq_dim"": 96}",{},5,0.5780,0.00000,380758,79163,20.79,2872,1443,,ok,
cuVS-IVFPQ,96B,vogue-768,768,932328,"{""bytes_per_vec"": 96, ""k"": 10, ""n_lists"": 1024, ""n_probes"": 16, ""pq_bits"": 8, ""pq_dim"": 96}",{},5,0.6411,0.00000,266381,1316,0.49,2870,2530,,ok,
cuVS-IVFPQ,96B,vogue-768,768,932328,"{""bytes_per_vec"": 96, ""k"": 10, ""n_lists"": 1024, ""n_probes"": 32, ""pq_bits"": 8, ""pq_dim"": 96}",{},5,0.6721,0.00000,162663,1249,0.77,2872,1152,,ok,
cuVS-IVFPQ,96B,vogue-768,768,932328,"{""bytes_per_vec"": 96, ""k"": 10, ""n_lists"": 1024, ""n_probes"": 64, ""pq_bits"": 8, ""pq_dim"": 96}",{},5,0.6909,0.00000,70684,27081,38.31,2872,1163,,ok,
cuVS-IVFPQ,96B,vogue-768,768,932328,"{""bytes_per_vec"": 96, ""k"": 10, ""n_lists"": 1024, ""n_probes"": 128, ""pq_bits"": 8, ""pq_dim"": 96}",{},5,0.6915,0.00000,47963,405,0.84,2872,1167,,ok,
cuVS-IVFPQ,96B,vogue-768,768,932328,"{""bytes_per_vec"": 96, ""k"": 10, ""n_lists"": 1024, ""n_probes"": 256, ""pq_bits"": 8, ""pq_dim"": 96}",{},5,0.6889,0.00000,25390,330,1.30,2872,1241,,ok,
cuVS-IVFPQ,192B,vogue-768,768,932328,"{""bytes_per_vec"": 192, ""k"": 10, ""n_lists"": 1024, ""n_probes"": 1, ""pq_bits"": 8, ""pq_dim"": 192}",{},5,0.2935,0.00000,783116,17252,2.20,2994,2551,,ok,
cuVS-IVFPQ,192B,vogue-768,768,932328,"{""bytes_per_vec"": 192, ""k"": 10, ""n_lists"": 1024, ""n_probes"": 4, ""pq_bits"": 8, ""pq_dim"": 192}",{},5,0.5728,0.00000,517340,5578,1.08,2990,2572,,ok,
cuVS-IVFPQ,192B,vogue-768,768,932328,"{""bytes_per_vec"": 192, ""k"": 10, ""n_lists"": 1024, ""n_probes"": 8, ""pq_bits"": 8, ""pq_dim"": 192}",{},5,0.6768,0.00000,361478,4129,1.14,2992,2575,,ok,
cuVS-IVFPQ,192B,vogue-768,768,932328,"{""bytes_per_vec"": 192, ""k"": 10, ""n_lists"": 1024, ""n_probes"": 16, ""pq_bits"": 8, ""pq_dim"": 192}",{},5,0.7528,0.00000,237307,2339,0.99,2992,2524,,ok,
cuVS-IVFPQ,192B,vogue-768,768,932328,"{""bytes_per_vec"": 192, ""k"": 10, ""n_lists"": 1024, ""n_probes"": 32, ""pq_bits"": 8, ""pq_dim"": 192}",{},5,0.8146,0.00000,134101,2280,1.70,2994,2539,,ok,
cuVS-IVFPQ,192B,vogue-768,768,932328,"{""bytes_per_vec"": 192, ""k"": 10, ""n_lists"": 1024, ""n_probes"": 64, ""pq_bits"": 8, ""pq_dim"": 192}",{},5,0.8365,0.00000,74884,282,0.38,2992,2611,,ok,
cuVS-IVFPQ,192B,vogue-768,768,932328,"{""bytes_per_vec"": 192, ""k"": 10, ""n_lists"": 1024, ""n_probes"": 128, ""pq_bits"": 8, ""pq_dim"": 192}",{},5,0.8506,0.00000,39799,263,0.66,2992,2601,,ok,
cuVS-IVFPQ,192B,vogue-768,768,932328,"{""bytes_per_vec"": 192, ""k"": 10, ""n_lists"": 1024, ""n_probes"": 256, ""pq_bits"": 8, ""pq_dim"": 192}",{},5,0.8518,0.00000,20583,186,0.90,2992,2466,,ok,
cuVS-IVFPQ,384B,vogue-768,768,932328,"{""bytes_per_vec"": 384, ""k"": 10, ""n_lists"": 1024, ""n_probes"": 1, ""pq_bits"": 8, ""pq_dim"": 384}",{},5,0.3110,0.00000,558493,10581,1.89,3242,6180,,ok,
cuVS-IVFPQ,384B,vogue-768,768,932328,"{""bytes_per_vec"": 384, ""k"": 10, ""n_lists"": 1024, ""n_probes"": 4, ""pq_bits"": 8, ""pq_dim"": 384}",{},5,0.5827,0.00000,356827,3605,1.01,3242,6052,,ok,
cuVS-IVFPQ,384B,vogue-768,768,932328,"{""bytes_per_vec"": 384, ""k"": 10, ""n_lists"": 1024, ""n_probes"": 8, ""pq_bits"": 8, ""pq_dim"": 384}",{},5,0.7144,0.00000,231227,1773,0.77,3242,6022,,ok,
cuVS-IVFPQ,384B,vogue-768,768,932328,"{""bytes_per_vec"": 384, ""k"": 10, ""n_lists"": 1024, ""n_probes"": 16, ""pq_bits"": 8, ""pq_dim"": 384}",{},5,0.8163,0.00000,136372,535,0.39,3236,6004,,ok,
cuVS-IVFPQ,384B,vogue-768,768,932328,"{""bytes_per_vec"": 384, ""k"": 10, ""n_lists"": 1024, ""n_probes"": 32, ""pq_bits"": 8, ""pq_dim"": 384}",{},5,0.8841,0.00000,73775,580,0.79,3240,6107,,ok,
cuVS-IVFPQ,384B,vogue-768,768,932328,"{""bytes_per_vec"": 384, ""k"": 10, ""n_lists"": 1024, ""n_probes"": 64, ""pq_bits"": 8, ""pq_dim"": 384}",{},5,0.9270,0.00000,39253,225,0.57,3242,6051,,ok,
cuVS-IVFPQ,384B,vogue-768,768,932328,"{""bytes_per_vec"": 384, ""k"": 10, ""n_lists"": 1024, ""n_probes"": 128, ""pq_bits"": 8, ""pq_dim"": 384}",{},5,0.9449,0.00000,19604,958,4.89,3240,6116,,ok,
cuVS-IVFPQ,384B,vogue-768,768,932328,"{""bytes_per_vec"": 384, ""k"": 10, ""n_lists"": 1024, ""n_probes"": 256, ""pq_bits"": 8, ""pq_dim"": 384}",{},5,0.9481,0.00000,10364,27,0.26,3246,6039,,ok,
cuVS-IVFPQ,768B,vogue-768,768,932328,"{""bytes_per_vec"": 768, ""k"": 10, ""n_lists"": 1024, ""n_probes"": 1, ""pq_bits"": 8, ""pq_dim"": 768}",{},5,0.2995,0.00000,314322,12555,3.99,3966,10867,,ok,
cuVS-IVFPQ,768B,vogue-768,768,932328,"{""bytes_per_vec"": 768, ""k"": 10, ""n_lists"": 1024, ""n_probes"": 4, ""pq_bits"": 8, ""pq_dim"": 768}",{},5,0.5834,0.00000,161930,1354,0.84,3976,11014,,ok,
cuVS-IVFPQ,768B,vogue-768,768,932328,"{""bytes_per_vec"": 768, ""k"": 10, ""n_lists"": 1024, ""n_probes"": 8, ""pq_bits"": 8, ""pq_dim"": 768}",{},5,0.7302,0.00000,94914,1069,1.13,3982,10568,,ok,
cuVS-IVFPQ,768B,vogue-768,768,932328,"{""bytes_per_vec"": 768, ""k"": 10, ""n_lists"": 1024, ""n_probes"": 16, ""pq_bits"": 8, ""pq_dim"": 768}",{},5,0.8357,0.00000,52387,356,0.68,3986,9525,,ok,
cuVS-IVFPQ,768B,vogue-768,768,932328,"{""bytes_per_vec"": 768, ""k"": 10, ""n_lists"": 1024, ""n_probes"": 32, ""pq_bits"": 8, ""pq_dim"": 768}",{},5,0.9157,0.00000,28080,82,0.29,3972,9400,,ok,
cuVS-IVFPQ,768B,vogue-768,768,932328,"{""bytes_per_vec"": 768, ""k"": 10, ""n_lists"": 1024, ""n_probes"": 64, ""pq_bits"": 8, ""pq_dim"": 768}",{},5,0.9576,0.00000,14634,18,0.12,3984,9293,,ok,
cuVS-IVFPQ,768B,vogue-768,768,932328,"{""bytes_per_vec"": 768, ""k"": 10, ""n_lists"": 1024, ""n_probes"": 128, ""pq_bits"": 8, ""pq_dim"": 768}",{},5,0.9768,0.00000,7651,13,0.16,3976,9355,,ok,
cuVS-IVFPQ,768B,vogue-768,768,932328,"{""bytes_per_vec"": 768, ""k"": 10, ""n_lists"": 1024, ""n_probes"": 256, ""pq_bits"": 8, ""pq_dim"": 768}",{},5,0.9842,0.00000,3932,9,0.22,3986,9318,,ok,
